{"publishinggroups":[{"friendlyid":"microsoft-pelican-pack","id":"Halo_Pelican","retailable":false,"label":"Pelican Content","packages":[{"name":"asobo-aircraft-pelican"},{"name":"asobo-vcockpits-instruments-pelican"}],"tag":"pelican"},{"basecontent":true,"id":"Mandatory","retailable":false,"label":"Mandatory Content","packages":[{"name":"asobo-aircraft-generic-airliner-twinengines","deletable":false},{"name":"fs-base-effects-legacy","deletable":false},{"name":"asobo-vcockpits-instruments-wasm","deletable":false},{"name":"asobo-vfx-staticmesh","deletable":false},{"name":"fs-base-ingamepanels-weather","deletable":false},{"name":"asobo-vcockpits-systems","deletable":false},{"name":"fs-base-ai-traffic","deletable":false},{"name":"fs-base-ingamepanels-vfrmap","deletable":false},{"name":"asobo-simobjects-misc","deletable":false},{"name":"asobo-simobjects-animals","deletable":false},{"name":"asobo-modellib-texture","deletable":false},{"name":"fs-base-aircraft-icao","deletable":false},{"name":"asobo-mission-templates","deletable":false},{"name":"fs-base-ingamepanels-controls","deletable":false},{"name":"asobo-vcockpits-instruments-airliners","deletable":false},{"name":"asobo-vcockpits-core","deletable":false},{"name":"asobo-aircraft-generic-piston-singleengine","deletable":false},{"name":"asobo-vcockpits-instruments-cj4","deletable":false},{"name":"asobo-simobjects-landmarks","deletable":false},{"name":"asobo-aircraft-generic-privatejet","deletable":false},{"name":"asobo-vcockpits-instruments-navsystems","deletable":false},{"name":"asobo-services","deletable":false},{"name":"fs-base-ingamepanels-camera","deletable":false},{"name":"fs-base-aircraft-common","deletable":false},{"name":"fs-base","deletable":false},{"name":"workingtitle-ingamepanels-vfrmap","deletable":false},{"name":"asobo-aircraft-generic-airliner-quadengines","deletable":false},{"name":"bf-pgg","deletable":false},{"name":"asobo-scenarii","deletable":false},{"name":"fs-base-ui-pages","deletable":false},{"name":"asobo-freeflights","deletable":false},{"name":"fs-base-ui-vr","deletable":false},{"name":"asobo-discovery","deletable":false},{"name":"fs-base-ingamepanels-metar","deletable":false},{"name":"fs-base-cgl-minimal","deletable":false},{"name":"asobo-vliveries","deletable":false},{"name":"asobo-landingchallenge","deletable":false},{"name":"asobo-liveevent","deletable":false},{"name":"fs-base-ui-widgets","deletable":false},{"name":"fs-base-ingamepanels-navlog","deletable":false},{"name":"asobo-vcockpits-instruments-b747-8","deletable":false},{"name":"fs-base-ingamepanels-objectives","deletable":false},{"name":"asobo-flight-tutorials-default","deletable":false},{"name":"fs-base-ingamepanels-flyassistant","deletable":false},{"name":"asobo-vcockpits-instruments-b787-10","deletable":false},{"name":"fs-base-ingamepanels-common","deletable":false},{"name":"asobo-material-lib","deletable":false},{"name":"fs-base-achievements","deletable":false},{"name":"fs-base-ingamepanels-replay","deletable":false},{"name":"asobo-modellib-airport-generic","deletable":false},{"name":"fs-base-material-lib","deletable":false},{"name":"fs-base-nav","deletable":false},{"name":"asobo-jetways","deletable":false},{"name":"fs-base-ingamepanels-checklist","deletable":false},{"name":"asobo-vfx-material-lib","deletable":false},{"name":"bf-texture-synth-lib","deletable":false},{"name":"fs-base-marketplace","deletable":false},{"name":"fs-base-soundbanks","deletable":false},{"name":"asobo-simobjects-vehicles","deletable":false},{"name":"asobo-aircraft-generic-turbo-singleengine","deletable":false},{"name":"fs-base-effects","deletable":false},{"name":"asobo-aircraft-generic-turbo-multiengines","deletable":false},{"name":"asobo-vcockpits-instruments-da40","deletable":false},{"name":"asobo-modellib-props","deletable":false},{"name":"asobo-vcockpits-instruments-a320-neo","deletable":false},{"name":"fs-base-ingamepanels-fuel","deletable":false},{"name":"asobo-aircraft-generic-piston-multiengines","deletable":false},{"name":"fs-base-ingamepanels-atc","deletable":false},{"name":"fs-devmode","deletable":false},{"name":"asobo-environment-cameras","deletable":false},{"name":"asobo-modellib-buildings","deletable":false},{"name":"asobo-simobjects-characters","deletable":false},{"name":"asobo-vcockpits-instruments-generic","deletable":false},{"name":"asobo-simobjects-boats","deletable":false},{"name":"asobo-vcockpits-instruments","deletable":false},{"name":"fs-base-vegetation-material-lib","deletable":false},{"name":"asobo-cameras","deletable":false},{"name":"fs-base-genericairports","deletable":false},{"name":"fs-base-ingamepanels-teleport","deletable":false}],"tag":"mandatory"},{"friendlyid":"microsoft-maverick-pack","id":"Maverick","retailable":false,"label":"Maverick Content","packages":[{"name":"asobo-lowalt-base"},{"name":"asobo-aircraft-darkstar"},{"name":"asobo-tutorials-mrk-splits"},{"name":"asobo-lowalt-ui"},{"name":"asobo-tutorials-mrk-lowalt"},{"name":"asobo-mrk"},{"name":"asobo-lowalt-toiyabe"},{"name":"asobo-landingchallenge-carrier"},{"name":"asobo-lowalt-alaska"},{"name":"asobo-effects-mrk"},{"name":"asobo-mission-dsr"},{"name":"asobo-ui-f18"},{"name":"asobo-humans-mrk"},{"name":"asobo-aircraft-fa18e-livery-mrk"},{"name":"asobo-vcockpits-instruments-darkstar"},{"name":"asobo-lowalt-sidewinder-a2b"},{"name":"asobo-lowalt-riffelake"},{"name":"asobo-lowalt-ridgemountain"},{"name":"asobo-landingchallenge-mrk"},{"name":"asobo-tutorials-mrk-afterburnertakeoff"}],"tag":"maverick"},{"friendlyid":"microsoft-redbull-pack","id":"Redbull","retailable":false,"label":"Redbull Content","basecontent":false,"tag":"Redbull","packages":[{"name":"asobo-aircraft-xcub-redbull"},{"name":"microsoft-redbull-point-of-interest"},{"name":"asobo-landingchallenge-obar-redbull-dubai"}]},{"friendlyid":"microsoft-reno-jet-class-pack","id":"RenoL39","retailable":true,"label":"Reno L39","packages":[{"name":"asobo-aircraft-l39-reno-athena"},{"name":"asobo-aircraft-l39-reno-dropbear"},{"name":"asobo-aircraft-l39-reno-americanpatriot"},{"name":"asobo-aircraft-l39-reno-robin1"},{"name":"asobo-aircraft-l39-reno-sarance"},{"name":"asobo-aircraft-l39-reno-blueice"},{"name":"asobo-aircraft-l39-reno-pipsqueak"},{"name":"asobo-aircraft-l39-reno-tumblinggoose"},{"name":"asobo-aircraft-l39-reno-redthunder"},{"name":"asobo-aircraft-l39-reno-americanspirit"}],"tag":"reno-l39"},{"friendlyid":"microsoft-reno-unlimited-class-pack","id":"RenoP51","retailable":true,"label":"Reno P51","packages":[{"name":"microsoft-aircraft-p51d-reno-mrsvirginia"},{"name":"microsoft-aircraft-p51d-reno-strega"},{"name":"microsoft-aircraft-p51d-reno-weewillyii"},{"name":"microsoft-aircraft-p51d-reno-spamcan"},{"name":"asobo-aircraft-p51d-reno-ladyb"},{"name":"microsoft-aircraft-p51d-reno-voodoo"},{"name":"asobo-aircraft-p51d-reno-goldfinger"},{"name":"microsoft-aircraft-p51d-reno-missamerica"},{"name":"microsoft-aircraft-p51d-reno-bunny"},{"name":"microsoft-aircraft-p51d-reno-manowar"}],"tag":"reno-p51"},{"friendlyid":"microsoft-reno-biplane-class-pack","id":"RenoPitts","retailable":true,"label":"Reno Pitts","packages":[{"name":"asobo-aircraft-pitts-s1-reno-theyellowbomber"},{"name":"asobo-aircraft-pitts-s1-reno-niceandez"},{"name":"asobo-aircraft-pitts-s1-reno-smokinhot"},{"name":"asobo-aircraft-pitts-s1-reno-blackhawk"},{"name":"asobo-aircraft-pitts-s1-reno-toto"},{"name":"asobo-aircraft-pitts-s1-reno-racerx"},{"name":"asobo-aircraft-pitts-s1-reno-panther"},{"name":"asobo-aircraft-pitts-s1-reno-secondhand"},{"name":"asobo-aircraft-pitts-s1-reno-missdiane"},{"name":"asobo-aircraft-pitts-s1-reno-tangotango"}],"tag":"reno-pitts"},{"friendlyid":"microsoft-reno-air-races-expansion-pack","id":"RenoStandard","retailable":false,"label":"Reno Standard Content","packages":[{"name":"asobo-aircraft-pitts-s1-reno-secondhand-passive"},{"name":"microsoft-aircraft-p51d-reno-spamcan-passive"},{"name":"asobo-aircraft-l39-reno-americanpatriot-passive"},{"name":"asobo-airport-krts-reno-stead"},{"name":"microsoft-aircraft-p51d-reno-bunny-passive"},{"name":"microsoft-aircraft-p51d-reno-strega-passive"},{"name":"microsoft-aircraft-p51d-reno-manowar-passive"},{"name":"asobo-aircraft-l39-reno-tumblinggoose-passive"},{"name":"asobo-aircraft-l39-reno-redthunder-passive"},{"name":"microsoft-aircraft-p51d-reno-missamerica-passive"},{"name":"asobo-aircraft-t6-reno-gotcha-passive"},{"name":"asobo-aircraft-t6-reno-radialvelocity-passive"},{"name":"asobo-aircraft-t6-reno-passive"},{"name":"asobo-aircraft-l39-reno-pipsqueak-passive"},{"name":"microsoft-aircraft-p51d-reno-voodoo-passive"},{"name":"asobo-aircraft-pitts-s1-reno-passive-livery-aviators"},{"name":"asobo-aircraft-pitts-s1-reno-tangotango-passive"},{"name":"asobo-aircraft-l39-reno-vspeed-passive"},{"name":"asobo-aircraft-l39-reno"},{"name":"asobo-aircraft-l39-reno-robin1-passive"},{"name":"asobo-aircraft-t6-reno-baronsrevenge-passive"},{"name":"microsoft-aircraft-p51d-reno-weewillyii-passive"},{"name":"asobo-aircraft-l39-reno-athena-passive"},{"name":"asobo-aircraft-t6-reno-bigred-passive"},{"name":"asobo-aircraft-l39-reno-passive"},{"name":"asobo-aircraft-pitts-s1-reno-toto-passive"},{"name":"asobo-aircraft-p51d-reno-goldfinger-passive"},{"name":"asobo-aircraft-pitts-s1-reno-theyellowbomber-passive"},{"name":"asobo-aircraft-pitts-s1-reno-blackhawk-passive"},{"name":"asobo-aircraft-pitts-s1-reno-racerx-passive"},{"name":"asobo-aircraft-p51d-reno"},{"name":"asobo-aircraft-p51d-reno-passive"},{"name":"asobo-aircraft-t6-reno-babyboomer-passive"},{"name":"asobo-aircraft-t6-reno-sixcat-passive"},{"name":"asobo-aircraft-l39-reno-dropbear-passive"},{"name":"asobo-airrace-renorace-ui"},{"name":"asobo-aircraft-l39-reno-americanspirit-passive"},{"name":"asobo-aircraft-l39-reno-blueice-passive"},{"name":"asobo-aircraft-t6-reno-undecided-passive"},{"name":"asobo-aircraft-l39-reno-sarance-passive"},{"name":"asobo-aircraft-pitts-s1-reno-passive-livery-xbox-aviators"},{"name":"microsoft-aircraft-p51d-reno-mrsvirginia-passive"},{"name":"asobo-aircraft-pitts-s1-reno-panther-passive"},{"name":"asobo-aircraft-pitts-s1-reno-passive"},{"name":"asobo-aircraft-t6-reno-almostperfect-passive"},{"name":"asobo-aircraft-p51d-reno-ladyb-passive"},{"name":"asobo-airrace-renorace"},{"name":"asobo-aircraft-pitts-s1-reno-niceandez-passive"},{"name":"asobo-aircraft-pitts-s1-reno-missdiane-passive"},{"name":"asobo-aircraft-t6-reno-eros-passive"},{"name":"asobo-modellib-airrace-reno"},{"name":"asobo-airrace-renorace-reno"},{"name":"asobo-aircraft-t6-reno"},{"name":"asobo-aircraft-pitts-s1-reno-smokinhot-passive"},{"name":"asobo-aircraft-t6-reno-gunslinger-passive"},{"name":"asobo-aircraft-p51d-reno-claylacy-passive"}],"tag":"reno-standard"},{"friendlyid":"microsoft-reno-t6-class-pack","id":"RenoT6","retailable":true,"label":"Reno T6","packages":[{"name":"asobo-aircraft-t6-reno-eros"},{"name":"asobo-aircraft-t6-reno-gotcha"},{"name":"asobo-aircraft-t6-reno-babyboomer"},{"name":"asobo-aircraft-t6-reno-bigred"},{"name":"asobo-aircraft-t6-reno-radialvelocity"},{"name":"asobo-aircraft-t6-reno-sixcat"},{"name":"asobo-aircraft-t6-reno-undecided"},{"name":"asobo-aircraft-t6-reno-baronsrevenge"},{"name":"asobo-aircraft-t6-reno-almostperfect"},{"name":"asobo-aircraft-t6-reno-gunslinger"}],"tag":"reno-t6"},{"basecontent":true,"id":"Standard","retailable":true,"label":"Standard Content","packages":[{"name":"microsoft-discovery-waimea"},{"name":"asobo-aircraft-baron-g58-livery-kenmore"},{"name":"asobo-vcockpits-instruments-helicopters","deletable":false},{"name":"asobo-discovery-newyork"},{"name":"asobo-aircraft-savage-cub-livery-kenmore"},{"name":"microsoft-aircraft-dc3-livery-dcdirect"},{"name":"microsoft-bushtrip-akfloat"},{"name":"asobo-aircraft-c172sp-classic-livery-xbox-aviators"},{"name":"asobo-discovery-leewardislands"},{"name":"microsoft-aircraft-dc3-livery-worldtravel"},{"name":"asobo-aircraft-c152-aerobat-livery-aviators"},{"name":"asobo-flight-tutorials-landingdeadstick"},{"name":"asobo-aircraft-bonanza-g36"},{"name":"asobo-aircraft-dr400-livery-aviators"},{"name":"microsoft-flight-tutorials-ifrnav-ifrchallenge"},{"name":"asobo-aircraft-a320-neo-livery-01"},{"name":"asobo-airport-knfl-nas-fallon"},{"name":"asobo-aircraft-208b-grand-caravan-ex-livery-01"},{"name":"asobo-aircraft-bonanza-g36-livery-01"},{"name":"asobo-aircraft-flightdesignct-livery-01"},{"name":"asobo-discovery-helicopters"},{"name":"microsoft-airport-lszh-zurich"},{"name":"asobo-aircraft-a320-neo-livery-global"},{"name":"microsoft-bushtrip-aleutiancargo"},{"name":"asobo-flight-tutorials-a320takeoff"},{"name":"microsoft-flight-tutorials-bush-shortto"},{"name":"asobo-aircraft-tbm930-livery-01"},{"name":"asobo-airport-czst-stewart-aerodrome"},{"name":"microsoft-bushtrip-transatlantic"},{"name":"microsoft-discovery-darwin"},{"name":"asobo-discovery-fortwilliams"},{"name":"asobo-aircraft-208b-grand-caravan-ex-livery-kenmore"},{"name":"asobo-landingchallenge-mhtg-toncontin"},{"name":"asobo-aircraft-icon-livery-01"},{"name":"microsoft-flight-tutorials-ifrnav-climbdescent"},{"name":"microsoft-discovery-gibraltar"},{"name":"asobo-discovery-naples"},{"name":"microsoft-airport-kjrb-ny-downtown-manhattan-heliport"},{"name":"microsoft-discovery-helsinki"},{"name":"asobo-aircraft-cj4-livery-global"},{"name":"asobo-airport-lflj-courchevel"},{"name":"asobo-aircraft-da62-livery-01"},{"name":"microsoft-bushtrip-firstairmail"},{"name":"microsoft-discovery-kcgx"},{"name":"microsoft-aircraft-dc3-livery-redyellow"},{"name":"asobo-airport-kase-aspen"},{"name":"asobo-aircraft-longitude-livery-01"},{"name":"asobo-aircraft-208b-grand-caravan-ex"},{"name":"asobo-aircraft-cj4-livery-pacifica"},{"name":"asobo-aircraft-b7478i-livery-xbox-aviators"},{"name":"asobo-aircraft-flightdesignct"},{"name":"asobo-aircraft-kingair350-livery-aviators"},{"name":"asobo-landingchallenge-sbgl-riodejaneiro"},{"name":"asobo-airport-wx53-bugalaga"},{"name":"asobo-aircraft-c152-aerobat-livery-01"},{"name":"asobo-aircraft-flightdesignct-livery-aviators"},{"name":"microsoft-40th-anniversary-point-of-interest"},{"name":"asobo-flight-tutorials-taxi"},{"name":"asobo-aircraft-dg1001-e-livery-aviators"},{"name":"microsoft-aircraft-dc3"},{"name":"asobo-aircraft-b7478i-livery-orbit"},{"name":"asobo-discovery-flakstad"},{"name":"microsoft-countryside-point-of-interest-quarry"},{"name":"microsoft-bushtrip-hawaiianvacation"},{"name":"asobo-flight-tutorials-newbasic"},{"name":"asobo-aircraft-cap10c"},{"name":"microsoft-flight-tutorials-bush-waterto"},{"name":"microsoft-discovery-hongkong"},{"name":"asobo-aircraft-savage-cub-livery-xbox-aviators"},{"name":"asobo-aircraft-cj4-livery-aviators"},{"name":"asobo-aircraft-baron-g58-livery-01"},{"name":"asobo-landingchallenge-tffj-gustaf"},{"name":"asobo-landingchallenge-tncs-saba"},{"name":"asobo-airport-tffj-gustaf"},{"name":"microsoft-airport-lsza-lugano"},{"name":"asobo-aircraft-sr22-livery-aviators"},{"name":"asobo-airport-lfpg-paris-charles-de-gaulle"},{"name":"asobo-aircraft-savage-shockultra-livery-aviators"},{"name":"microsoft-tutorials-glider-introflight"},{"name":"asobo-aircraft-a320-neo-livery-aviators"},{"name":"asobo-aircraft-e330-livery-aviators"},{"name":"asobo-landingchallenge-seqm-mariscal-sucre-quito"},{"name":"asobo-aircraft-icon-livery-aviators"},{"name":"asobo-aircraft-da62-livery-xbox-aviators"},{"name":"asobo-aircraft-baron-g58-livery-aviators"},{"name":"microsoft-flight-tutorials-bush-waterldg"},{"name":"asobo-aircraft-c152","deletable":false},{"name":"fs-base-history"},{"name":"asobo-aircraft-tbm930-livery-aviators"},{"name":"asobo-aircraft-vl3-livery-01"},{"name":"asobo-aircraft-c172sp-as1000","deletable":false},{"name":"asobo-aircraft-e330-livery-xbox-aviators"},{"name":"asobo-flight-tutorials-deadreckoning"},{"name":"asobo-aircraft-longitude-livery-xbox-aviators"},{"name":"microsoft-airport-eglw-london-heliport"},{"name":"asobo-aircraft-b7478i-livery-aviators"},{"name":"asobo-aircraft-savage-cub-livery-aviators"},{"name":"microsoft-bushtrip-hellstretch"},{"name":"microsoft-bushtrip-canyon"},{"name":"asobo-aircraft-icon"},{"name":"asobo-aircraft-da40-ng-livery-kenmore"},{"name":"microsoft-discovery-sanfrancisco"},{"name":"asobo-aircraft-c152-livery-aviators"},{"name":"microsoft-aircraft-wright-flyer"},{"name":"asobo-aircraft-baron-g58-livery-xbox-aviators"},{"name":"asobo-airport-fxme-maketane"},{"name":"microsoft-flight-tutorials-ifrnav-vor"},{"name":"microsoft-approach-sitka"},{"name":"asobo-aircraft-vl3-livery-kenmore"},{"name":"microsoft-airport-rjt1-itakuragliderport"},{"name":"microsoft-bushtrip-glacier"},{"name":"asobo-landingchallenge-mynn-nassau"},{"name":"asobo-aircraft-pitts-livery-xbox-aviators"},{"name":"asobo-aircraft-xcub-livery-xbox-aviators"},{"name":"asobo-flight-tutorials-aircraft"},{"name":"workingtitle-instruments-g1000","deletable":false},{"name":"microsoft-airport-lszn-hausenamalbis"},{"name":"asobo-aircraft-xcub-livery-kenmore"},{"name":"asobo-flight-tutorials-turns"},{"name":"microsoft-airport-krvl-mifflincounty"},{"name":"asobo-airport-vnlk-lukla"},{"name":"microsoft-discovery-sprucegoose"},{"name":"asobo-discovery-ecrins"},{"name":"asobo-aircraft-c172sp-classic-livery-aviators"},{"name":"asobo-aircraft-b787-10-livery-xbox-aviators"},{"name":"microsoft-airport-lilc-calcinatedelpesce"},{"name":"asobo-aircraft-pitts-s2-rufus"},{"name":"asobo-landingchallenge-scld-llanadagrande"},{"name":"microsoft-flight-tutorials-ifrnav-turns"},{"name":"asobo-aircraft-208b-grand-caravan-ex-livery-aviators"},{"name":"asobo-airport-lfcs-saucats"},{"name":"asobo-aircraft-da40-tdi-livery-aviators"},{"name":"asobo-aircraft-ls8"},{"name":"asobo-aircraft-pipistrel-livery-aviators"},{"name":"asobo-landingchallenge-keb-nanwalek"},{"name":"asobo-aircraft-flightdesignct-livery-kenmore"},{"name":"asobo-aircraft-a320-neo-livery-worldtravel"},{"name":"microsoft-airport-edlo-oerlinghausen"},{"name":"microsoft-aircraft-volocity"},{"name":"microsoft-airport-kffa-firstflight"},{"name":"asobo-landingchallenge-lfmn-nice"},{"name":"asobo-aircraft-c152-livery-01"},{"name":"asobo-aircraft-cj4"},{"name":"microsoft-approach-caribbean"},{"name":"asobo-aircraft-dr400-livery-kenmore"},{"name":"microsoft-airport-edvk-kassel"},{"name":"asobo-aircraft-cj4-livery-xbox-aviators"},{"name":"asobo-aircraft-da40-ng"},{"name":"asobo-aircraft-103solo-smallwheels-livery-xbox-aviators"},{"name":"asobo-aircraft-e330-livery-microsoftwindows11"},{"name":"asobo-flight-tutorials-a320landing"},{"name":"microsoft-discovery-perth"},{"name":"asobo-aircraft-c172sp-as1000-livery-aviators"},{"name":"asobo-discovery-giza"},{"name":"asobo-aircraft-longitude-livery-global"},{"name":"asobo-landingchallenge-cytz-billy-bishop"},{"name":"asobo-aircraft-cabri-g2"},{"name":"asobo-flight-tutorials-powersettings"},{"name":"asobo-airport-spgl-chagual"},{"name":"asobo-aircraft-gliders-common","deletable":false},{"name":"asobo-aircraft-longitude-livery-pacifica"},{"name":"microsoft-discovery-sydney"},{"name":"asobo-airport-tncs-saba"},{"name":"asobo-airport-kcof-patrickafb"},{"name":"asobo-landingchallenge-nzqn-queenstown"},{"name":"asobo-aircraft-c172sp-as1000-livery-xbox-aviators"},{"name":"microsoft-tutorials-glider-slippingapproach"},{"name":"microsoft-aircraft-dhc2"},{"name":"asobo-aircraft-208b-grand-caravan-ex-livery-emerald"},{"name":"asobo-airport-seqm-mariscal-sucre-quito"},{"name":"microsoft-flight-tutorials-ifrnav-speeds"},{"name":"asobo-discovery-yosemite"},{"name":"microsoft-discovery-miami"},{"name":"asobo-flight-tutorials-newlanding"},{"name":"asobo-aircraft-xcub"},{"name":"asobo-flight-tutorials-landmarknavigation"},{"name":"microsoft-bushtrip-transcontinental"},{"name":"microsoft-tutorials-glider-winchtakeoff"},{"name":"microsoft-discovery-singapore"},{"name":"asobo-aircraft-kingair350-livery-xbox-aviators"},{"name":"asobo-aircraft-l39-reno-common","deletable":false},{"name":"asobo-discovery-fuji"},{"name":"asobo-aircraft-cap10c-livery-xbox-aviators"},{"name":"asobo-fa18e-character"},{"name":"asobo-aircraft-da62-livery-aviators"},{"name":"asobo-aircraft-dg1001-e-livery-xbox-aviators"},{"name":"asobo-aircraft-kingair350-livery-orbit"},{"name":"asobo-aircraft-fa18e-livery-aviators"},{"name":"microsoft-ifrflight-romenaples"},{"name":"microsoft-discovery-mecca"},{"name":"asobo-airport-keb-nanwalek"},{"name":"asobo-aircraft-fa18e"},{"name":"asobo-aircraft-icon-livery-xbox-aviators"},{"name":"asobo-aircraft-dv20-livery-aviators"},{"name":"fs-base-coverage-map-goty-tin"},{"name":"asobo-landingchallenge-kase-aspen"},{"name":"asobo-aircraft-c152-aerobat-livery-xbox-aviators"},{"name":"asobo-airport-lpma-madeira"},{"name":"asobo-airport-kmco-orlando"},{"name":"microsoft-aircraft-dc3-livery-aviatorsxbox"},{"name":"asobo-aircraft-vl3-livery-aviators"},{"name":"asobo-landingchallenge-kswf-stewartintl"},{"name":"asobo-aircraft-c152-livery-kenmore"},{"name":"microsoft-airport-lfpi-issy-les-moulineaux-heliport"},{"name":"asobo-aircraft-sr22-livery-kenmore"},{"name":"asobo-airport-yssy-sydney"},{"name":"asobo-aircraft-c172sp-as1000-livery-01"},{"name":"asobo-flight-tutorials-attitudestest"},{"name":"microsoft-bushtrip-frontier"},{"name":"asobo-flight-tutorials-downwind"},{"name":"microsoft-aircraft-pilatus-pc6-gauge-wheels-livery-01"},{"name":"asobo-aircraft-kingair350-livery-kenmore"},{"name":"microsoft-discovery-uluru"},{"name":"microsoft-griffith-observatory"},{"name":"asobo-flight-tutorials-attitudespitch"},{"name":"microsoft-airport-ycab-caboolture"},{"name":"asobo-flight-tutorials-firstnavigationsolonew"},{"name":"microsoft-airport-edja-allgau"},{"name":"microsoft-modellib-airport-glider","deletable":false},{"name":"microsoft-airport-n15-kingston"},{"name":"asobo-aircraft-dv20-livery-xbox-aviators"},{"name":"asobo-aircraft-pitts-s1-reno-common","deletable":false},{"name":"asobo-airport-mrsn-sirena-station"},{"name":"asobo-landingchallenge-kjac-jackson"},{"name":"asobo-aircraft-pipistrel-livery-kenmore"},{"name":"microsoft-aircraft-dc3-livery-bluestripe"},{"name":"asobo-aircraft-da62-livery-kenmore"},{"name":"microsoft-discovery-pennine"},{"name":"asobo-aircraft-b7478i-livery-pacifica"},{"name":"asobo-aircraft-b787-10-livery-aviators"},{"name":"microsoft-aircraft-pilatus-pc6-g950-wheels-livery-aviators"},{"name":"asobo-aircraft-savage-cub"},{"name":"asobo-aircraft-e330-livery-kenmore"},{"name":"asobo-aircraft-dr400-livery-xbox-aviators"},{"name":"asobo-aircraft-b7478i"},{"name":"microsoft-aircraft-g-21"},{"name":"asobo-airport-vqpr-paro"},{"name":"asobo-discovery-riodejaneiro"},{"name":"microsoft-airport-kcgx-meigs-field"},{"name":"asobo-landingchallenge-lflj-courchevel"},{"name":"asobo-vcockpits-instruments-fa18","deletable":false},{"name":"asobo-aircraft-pitts"},{"name":"microsoft-discovery-barcelona"},{"name":"asobo-aircraft-pitts-s2-livery-kenmore"},{"name":"asobo-airport-eidl-donegal"},{"name":"asobo-aircraft-sr22-livery-xbox-aviators"},{"name":"asobo-aircraft-nxcub"},{"name":"asobo-aircraft-tbm930","deletable":false},{"name":"microsoft-flight-tutorials-bush-shortldg"},{"name":"microsoft-flight-tutorials-ifrnav-ndb"},{"name":"asobo-aircraft-vl3"},{"name":"asobo-airport-knkx-miramar-mcas"},{"name":"microsoft-discovery-berlin"},{"name":"asobo-airport-rjtt-tokyo-haneda"},{"name":"asobo-flight-tutorials-newtakeoff"},{"name":"asobo-discovery-copenhagen"},{"name":"microsoft-aircraft-volocity-livery-xbox-aviators"},{"name":"asobo-aircraft-a320-neo"},{"name":"asobo-aircraft-pitts-s1-reno-livery-xbox-aviators"},{"name":"asobo-aircraft-cj4-livery-kenmore"},{"name":"asobo-aircraft-kingair350-livery-global"},{"name":"asobo-airport-c53-lowerloon"},{"name":"asobo-airport-sbgl-riodejaneiro"},{"name":"asobo-aircraft-pipistrel-livery-xbox-aviators"},{"name":"asobo-bushtrip-balkans"},{"name":"asobo-landingchallenge-eidl-donegal"},{"name":"microsoft-tutorials-glider-thermalid"},{"name":"asobo-bushtrip-chile"},{"name":"microsoft-bushtrip-channel"},{"name":"microsoft-airport-logi-trieben"},{"name":"asobo-aircraft-icon-livery-kenmore"},{"name":"microsoft-discovery-madrid"},{"name":"asobo-aircraft-dr400"},{"name":"asobo-aircraft-dg1001-e"},{"name":"microsoft-aircraft-pilatus-pc6-g950-wheels-livery-xbox-aviators"},{"name":"microsoft-airport-fawc-worcestercape"},{"name":"microsoft-flight-tutorials-bush-updraft"},{"name":"asobo-aircraft-e330"},{"name":"asobo-aircraft-da62"},{"name":"microsoft-discovery-rushmore"},{"name":"asobo-landingchallenge-lpma-madeira"},{"name":"asobo-landingchallenge-vqpr-paro"},{"name":"microsoft-airport-egao-aboyneairfield"},{"name":"asobo-aircraft-cj4-livery-01"},{"name":"asobo-aircraft-longitude-livery-aviators"},{"name":"asobo-aircraft-pipistrel-livery-01"},{"name":"microsoft-countryside-point-of-interest"},{"name":"asobo-aircraft-flightdesignct-livery-xbox-aviators"},{"name":"asobo-vcockpits-instruments-orbx-generic","deletable":false},{"name":"microsoft-airport-scvh-lavictoriadechacabuco"},{"name":"microsoft-discovery-mountcook"},{"name":"asobo-aircraft-vl3-livery-xbox-aviators"},{"name":"microsoft-tutorials-glider-winchbreak"},{"name":"microsoft-discovery-monument"},{"name":"asobo-airport-nzqn-queenstown"},{"name":"asobo-discovery-london"},{"name":"microsoft-aircraft-jn4"},{"name":"workingtitle-instruments-wt21","deletable":false},{"name":"asobo-aircraft-a320-neo-livery-s7"},{"name":"microsoft-airport-tncm-princess-juliana"},{"name":"asobo-airport-kjfk-new-york-jfk"},{"name":"microsoft-airport-voloport"},{"name":"microsoft-flight-tutorials-bush-downdraft"},{"name":"microsoft-flight-tutorials-bush-bushchallenge"},{"name":"asobo-aircraft-savage-shockultra-livery-xbox-aviators"},{"name":"asobo-aircraft-pitts-s1-reno","deletable":false},{"name":"microsoft-aircraft-bell407"},{"name":"microsoft-airport-lszg-grenchen"},{"name":"asobo-aircraft-da40-ng-livery-aviators"},{"name":"asobo-airport-ktex-telluride"},{"name":"asobo-discovery-paris"},{"name":"microsoft-aircraft-pilatus-pc6-gauge-wheels-livery-02"},{"name":"microsoft-airport-caa8-invermere"},{"name":"asobo-flight-tutorials-familiarisationflight"},{"name":"asobo-flight-tutorials-landingelevator"},{"name":"asobo-airport-kxmr-cap-canaveral"},{"name":"asobo-aircraft-sr22-livery-01"},{"name":"asobo-aircraft-xcub-livery-aviators"},{"name":"asobo-aircraft-e330-livery-01"},{"name":"workingtitle-instruments-g3000","deletable":false},{"name":"asobo-aircraft-bonanza-g36-livery-aviators"},{"name":"asobo-aircraft-cap10c-livery-kenmore"},{"name":"asobo-aircraft-longitude-livery-kenmore"},{"name":"microsoft-tutorials-glider-ridgesoaring"},{"name":"asobo-aircraft-b787-10-livery-worldtravel"},{"name":"microsoft-airport-eddp-leipzig"},{"name":"asobo-landingchallenge-lxgb-gibraltar"},{"name":"microsoft-discovery-lisbon"},{"name":"microsoft-aircraft-dc3-livery-emerald"},{"name":"microsoft-aircraft-dc3-livery-plmetal"},{"name":"asobo-discovery-everest"},{"name":"asobo-aircraft-savage-cub-livery-01"},{"name":"asobo-landingchallenge-vnlk-lukla"},{"name":"asobo-airport-mhtg-toncontin"},{"name":"asobo-aircraft-p51d-reno-common","deletable":false},{"name":"asobo-aircraft-b787-10-livery-klm"},{"name":"asobo-flight-tutorials-firstsoloflightpattern"},{"name":"microsoft-airport-lfnc-stcrepin"},{"name":"asobo-flight-tutorials-departure"},{"name":"asobo-airport-ksez-sedona"},{"name":"asobo-aircraft-kingair350"},{"name":"microsoft-flight-tutorials-ifrnav-ils"},{"name":"asobo-aircraft-pitts-s2-sam"},{"name":"asobo-airport-klax-losangeles"},{"name":"asobo-aircraft-fa18e-livery-xbox-aviators"},{"name":"asobo-aircraft-ls8-livery-aviators"},{"name":"asobo-aircraft-b7478i-livery-emerald"},{"name":"asobo-aircraft-da40-ng-livery-xbox-aviators"},{"name":"asobo-vcockpits-instruments-fss-generic","deletable":false},{"name":"asobo-landingchallenge-ksez-sedona"},{"name":"asobo-aircraft-t6-reno-common","deletable":false},{"name":"microsoft-aircraft-hughes-h4-hercules"},{"name":"asobo-aircraft-208b-grand-caravan-ex-livery-xbox-aviators"},{"name":"microsoft-airport-rjti-tokyo-heliport"},{"name":"asobo-aircraft-xcub-livery-01"},{"name":"workingtitle-instruments-b747-8i","deletable":false},{"name":"asobo-airport-cytz-billy-bishop"},{"name":"microsoft-airport-hegh-giza-plateau-heliport"},{"name":"asobo-aircraft-kingair350-livery-pacifica"},{"name":"asobo-aircraft-kingair350-livery-emerald"},{"name":"asobo-bushtrip-nevada"},{"name":"asobo-vcockpits-instruments-gliders","deletable":false},{"name":"microsoft-approach-moonson"},{"name":"asobo-landingchallenge-wx53-bugalaga"},{"name":"microsoft-aircraft-a310-300"},{"name":"microsoft-discovery-freiburg"},{"name":"microsoft-aircraft-volocity-livery-aviators"},{"name":"microsoft-bushtrip-sanjuan"},{"name":"asobo-aircraft-pitts-s1-reno-livery-aviators"},{"name":"asobo-flight-tutorials-arrival"},{"name":"asobo-aircraft-208b-grand-caravan-ex-livery-global"},{"name":"microsoft-discovery-wrightflyer"},{"name":"microsoft-airport-fyvf-veronicaflying"},{"name":"asobo-aircraft-a320-neo-livery-xbox-aviators"},{"name":"asobo-aircraft-nxcub-livery-xbox-aviators"},{"name":"microsoft-aircraft-dc3-livery-oledusty"},{"name":"microsoft-airport-vhhx-kaitak"},{"name":"asobo-airport-lowi-innsbruck"},{"name":"asobo-aircraft-c172sp-classic-livery-01"},{"name":"asobo-aircraft-kingair350-livery-01"},{"name":"asobo-aircraft-bonanza-g36-livery-kenmore"},{"name":"asobo-aircraft-b787-10-livery-orbit"},{"name":"asobo-airport-huen-entebbe"},{"name":"asobo-aircraft-dv20-livery-kenmore"},{"name":"microsoft-discovery-goldcoast"},{"name":"microsoft-aircraft-pilatus-pc6"},{"name":"asobo-aircraft-cap10c-livery-aviators"},{"name":"asobo-aircraft-da40-tdi-livery-xbox-aviators"},{"name":"asobo-aircraft-tbm930-livery-xbox-aviators"},{"name":"asobo-aircraft-dr400-livery-01"},{"name":"microsoft-airport-edgd-fuessen"},{"name":"asobo-aircraft-c152-aerobat-livery-kenmore"},{"name":"asobo-airport-ksea-seattle-tacoma"},{"name":"asobo-aircraft-a320-neo-livery-orbit"},{"name":"asobo-airport-lxgb-gibraltar"},{"name":"asobo-discovery-gliders"},{"name":"microsoft-discovery-melbourne"},{"name":"asobo-flight-tutorials-straightandlevelflight"},{"name":"asobo-aircraft-nxcub-livery-aviators"},{"name":"microsoft-tutorials-glider-aerotow"},{"name":"asobo-aircraft-longitude-livery-orbit"},{"name":"asobo-aircraft-tbm930-livery-kenmore"},{"name":"asobo-aircraft-a320-neo-livery-pacifica"},{"name":"microsoft-airport-smdh-heliponto-mirante-dona-marta"},{"name":"asobo-aircraft-dv20-livery-01"},{"name":"asobo-landingchallenge-yssy-sydney"},{"name":"microsoft-airport-lszo-beromuenster"},{"name":"workingtitle-instruments-b787-10","deletable":false},{"name":"asobo-aircraft-pitts-livery-aviators"},{"name":"asobo-aircraft-cap10c-livery-01"},{"name":"asobo-aircraft-bonanza-g36-livery-xbox-aviators"},{"name":"asobo-discovery-sanfrancisco"},{"name":"asobo-aircraft-ls8-livery-xbox-aviators"},{"name":"microsoft-aircraft-pilatus-pc6-g950-wheels-livery-01"},{"name":"asobo-aircraft-b787-10-livery-pacifica"},{"name":"asobo-aircraft-savage-shockultra-livery-kenmore"},{"name":"asobo-aircraft-c172sp-as1000-livery-kenmore"},{"name":"asobo-aircraft-b7478i-livery-worldtravel"},{"name":"microsoft-aircraft-dc3-livery-aviators"},{"name":"workingtitle-instruments-garmin-gns","deletable":false},{"name":"microsoft-aircraft-spirit-of-st-louis"},{"name":"asobo-aircraft-cj4-livery-orbit"},{"name":"asobo-aircraft-c172sp-classic-livery-kenmore"},{"name":"asobo-discovery-tokyo"},{"name":"asobo-aircraft-c152-livery-xbox-aviators"},{"name":"asobo-landingchallenge-lowi-innsbruck"},{"name":"microsoft-discovery-coimbra"},{"name":"asobo-aircraft-da40-tdi-livery-kenmore"}],"tag":"standard"},{"basecontent":true,"id":"TiedToExe_PC","packages":[{"name":"pc-fs-base-bigfiles","deletable":false},{"name":"fs-base-videos","deletable":false}],"retailable":false},{"basecontent":true,"id":"TiedToExe_Scarlett","packages":[{"name":"xbox-fs-base-bigfiles","deletable":false},{"name":"scarlett-fs-base","deletable":false},{"name":"fs-base-videos-xs","deletable":false}],"retailable":false},{"basecontent":true,"id":"TiedToExe","packages":[{"name":"fs-base-propdefs","deletable":false},{"name":"fs-base-spb","deletable":false},{"name":"fs-base-videos","deletable":false},{"name":"fs-base-ui","deletable":false},{"name":"fs-base-onboarding","deletable":false}],"retailable":false},{"friendlyid":"asobo-frupdate-pack","id":"World_FR","retailable":true,"label":"World Update FR","basecontent":true,"tag":"worldupdate-fr","packages":[{"name":"microsoft-pgg-france"},{"name":"asobo-bushtrip-france"},{"name":"microsoft-airport-ehrd-rotterdam"},{"name":"fs-base-coverage-map-france-tin"},{"name":"microsoft-airport-lfhm-megeve"},{"name":"microsoft-airport-lfmn-nice"},{"name":"microsoft-france-benelux-point-of-interest"}]},{"friendlyid":"asobo-germanupdate-pack","id":"World_GERMAN","retailable":true,"label":"World Update DACH","basecontent":true,"tag":"worldupdate-dach","packages":[{"name":"microsoft-landingchallenge-eddl-dusseldorf"},{"name":"microsoft-landingchallenge-lsza-lugano"},{"name":"microsoft-landingchallenge-lowk-klagenfurt"},{"name":"microsoft-airport-lowk-flughafen-klagenfurt"},{"name":"microsoft-bushtrip-swiss"},{"name":"microsoft-franckfurt-point-of-interest"},{"name":"microsoft-airport-lszr-altenrheinst-gallen"},{"name":"microsoft-bushtrip-germany"},{"name":"microsoft-bushtrip-austria"},{"name":"microsoft-germany-point-of-interest"},{"name":"microsoft-airport-edds-stuttgart"},{"name":"microsoft-airport-edxh-helgoland"},{"name":"microsoft-bushtrip-grandalpine"},{"name":"microsoft-landingchallenge-edxh-duene"},{"name":"fs-base-coverage-map-germany-tin"},{"name":"microsoft-landingchallenge-lszr-stgallen"},{"name":"microsoft-airport-edhl-luebeck-blankensee"}]},{"friendlyid":"asobo-japanupdate-pack","id":"World_Japan","retailable":true,"label":"World Update Japan","basecontent":true,"tag":"worldupdate-japan","packages":[{"name":"asobo-airport-rjx8-suwanosejima"},{"name":"asobo-landingchallenge-rjth-hachijojima"},{"name":"microsoft-japan-point-of-interest"},{"name":"asobo-landingchallenge-rjx8-suwanosejima"},{"name":"asobo-airport-rokr-kerama"},{"name":"asobo-airport-rors-shimojishima"},{"name":"microsoft-airport-rjth-hachijojima"},{"name":"microsoft-airport-rjfu-nagasaki"},{"name":"fs-base-coverage-map-japan-tin"},{"name":"microsoft-airport-rjck-kushiro"},{"name":"asobo-landingchallenge-rokr-kerama"},{"name":"microsoft-pgg-japan"}]},{"friendlyid":"asobo-ndupdate-pack","id":"World_ND","retailable":true,"label":"World Update ND","basecontent":true,"tag":"worldupdate-nd","packages":[{"name":"microsoft-airport-efva-vaasa"},{"name":"asobo-bushtrip-denmark"},{"name":"asobo-landingchallenge-essa-arlanda"},{"name":"asobo-landingchallenge-efva-vaasa"},{"name":"asobo-bushtrip-iceland"},{"name":"asobo-bushtrip-norway"},{"name":"microsoft-airport-ekrn-bornholm"},{"name":"microsoft-pgg-nordic"},{"name":"asobo-airport-biis-isafjordur"},{"name":"asobo-bushtrip-sweden"},{"name":"asobo-landingchallenge-ekrn-bornholm"},{"name":"asobo-bushtrip-finland"},{"name":"microsoft-nordic-point-of-interest"},{"name":"microsoft-airport-ensb-svalbard"},{"name":"asobo-landingchallenge-ensb-svalbard"},{"name":"asobo-landingchallenge-biis-isafjordur"},{"name":"microsoft-airport-essa-arlanda"}]},{"friendlyid":"microsoft-nzupdate-pack","id":"World_NZ","retailable":true,"label":"World Update NZ","basecontent":true,"tag":"worldupdate-nz","packages":[{"name":"microsoft-airport-nzqe-gorgeriver"},{"name":"fs-base-coverage-map-nz-tin"},{"name":"microsoft-bushtrip-southnz"},{"name":"asobo-aircraft-a320-neo-livery-airnewzealand"},{"name":"microsoft-airport-nzro-rotorua"},{"name":"microsoft-airport-t004-quintinlodge"},{"name":"microsoft-landingchallenge-nzwn-wellington"},{"name":"microsoft-discovery-benmore"},{"name":"microsoft-discovery-auckland"},{"name":"microsoft-discovery-queenstown"},{"name":"microsoft-airport-nzmf-milfordsound"},{"name":"microsoft-landingchallenge-nzqe-griver"},{"name":"microsoft-airport-nzwr-whangarei"},{"name":"microsoft-airport-nzws-westport"},{"name":"microsoft-airport-nzgs-gisborne"},{"name":"microsoft-bushtrip-nzhistoricflight"},{"name":"microsoft-bushtrip-northnz"},{"name":"microsoft-newzealand-point-of-interest"},{"name":"microsoft-airport-nztl-tekapo"},{"name":"microsoft-airport-nzmj-martinsbay"},{"name":"microsoft-landingchallenge-nzrc-bluff"},{"name":"microsoft-landingchallenge-nzch-christchurch"}]},{"friendlyid":"asobo-ukupdate-pack","id":"World_UK","retailable":true,"label":"World Update UK","basecontent":true,"tag":"worldupdate-uk","packages":[{"name":"microsoft-uk-point-of-interest"},{"name":"asobo-airport-eg78-outskerries"},{"name":"microsoft-airport-eghc-lands-end"},{"name":"microsoft-airport-egpr-barra"},{"name":"microsoft-pgg-uk"},{"name":"microsoft-airport-eggp-john-lennon"},{"name":"microsoft-airport-egcb-barton"},{"name":"asobo-landingchallenge-eg78-outskerries"},{"name":"asobo-landingchallenge-eghi-southampton"},{"name":"fs-base-coverage-map-uk-tin"}]},{"friendlyid":"asobo-usupdate-pack","id":"World_US","retailable":true,"label":"World Update US","basecontent":true,"tag":"worldupdate-us","packages":[{"name":"microsoft-usa-point-of-interest"},{"name":"microsoft-airport-kfhr-friday-harbor"},{"name":"asobo-bushtrip-alaska"},{"name":"microsoft-airport-katl-atlanta"},{"name":"asobo-airport-kdfw-dallas-fort-worth"},{"name":"microsoft-pgg-us"},{"name":"asobo-airport-kswf-stewartintl"}]}],"filetime":133390025573074650}